Latitude,Longitude,Elevation,Time
41.715792,-91.583421,239.8,2023-09-27 00:11:38+00:00
41.715795,-91.583424,239.8,2023-09-27 00:11:39+00:00
41.715797,-91.583426,239.8,2023-09-27 00:11:40+00:00
41.715799,-91.583429,239.8,2023-09-27 00:11:41+00:00
41.7158,-91.58343,239.8,2023-09-27 00:11:42+00:00
41.7158,-91.58343,239.8,2023-09-27 00:11:43+00:00
41.715799,-91.58343,239.8,2023-09-27 00:11:44+00:00
41.715798,-91.58343,239.8,2023-09-27 00:11:45+00:00
41.715798,-91.58343,239.8,2023-09-27 00:11:46+00:00
41.715797,-91.583429,239.8,2023-09-27 00:11:47+00:00
41.715797,-91.583428,239.8,2023-09-27 00:11:48+00:00
41.715791,-91.583428,239.8,2023-09-27 00:11:49+00:00
41.715783,-91.583429,239.8,2023-09-27 00:11:50+00:00
41.715775,-91.583428,239.8,2023-09-27 00:11:51+00:00
41.715772,-91.583428,239.8,2023-09-27 00:11:52+00:00
41.715771,-91.583428,239.8,2023-09-27 00:11:53+00:00
41.715769,-91.583427,239.8,2023-09-27 00:11:54+00:00
41.715767,-91.583425,239.8,2023-09-27 00:11:55+00:00
41.715765,-91.583422,239.8,2023-09-27 00:11:56+00:00
41.715767,-91.583422,239.8,2023-09-27 00:11:57+00:00
41.715767,-91.58342,239.8,2023-09-27 00:11:58+00:00
41.715768,-91.583408,239.8,2023-09-27 00:12:00+00:00
41.715769,-91.583404,239.8,2023-09-27 00:12:01+00:00
41.715768,-91.583402,239.8,2023-09-27 00:12:02+00:00
41.715767,-91.583403,239.8,2023-09-27 00:12:03+00:00
41.715766,-91.583405,239.8,2023-09-27 00:12:04+00:00
41.715765,-91.583407,239.8,2023-09-27 00:12:05+00:00
41.715764,-91.583408,239.8,2023-09-27 00:12:06+00:00
41.715764,-91.58341,239.8,2023-09-27 00:12:07+00:00
41.715763,-91.583411,239.8,2023-09-27 00:12:08+00:00
41.715762,-91.583413,239.8,2023-09-27 00:12:10+00:00
41.715761,-91.583415,239.8,2023-09-27 00:12:11+00:00
41.71576,-91.583416,239.8,2023-09-27 00:12:12+00:00
41.71576,-91.583418,239.8,2023-09-27 00:12:13+00:00
41.715759,-91.58342,239.8,2023-09-27 00:12:14+00:00
41.715758,-91.583421,239.8,2023-09-27 00:12:15+00:00
41.715757,-91.583423,239.8,2023-09-27 00:12:17+00:00
41.715756,-91.583424,239.8,2023-09-27 00:12:18+00:00
41.715755,-91.583426,239.8,2023-09-27 00:12:19+00:00
41.715755,-91.583428,239.8,2023-09-27 00:12:20+00:00
41.715754,-91.583429,239.8,2023-09-27 00:12:21+00:00
41.715753,-91.583431,239.8,2023-09-27 00:12:22+00:00
41.715752,-91.583433,239.8,2023-09-27 00:12:23+00:00
41.715751,-91.583434,239.8,2023-09-27 00:12:24+00:00
41.715751,-91.583436,239.8,2023-09-27 00:12:25+00:00
41.71575,-91.583437,239.8,2023-09-27 00:12:27+00:00
41.715749,-91.583439,239.8,2023-09-27 00:12:28+00:00
41.715748,-91.583441,239.8,2023-09-27 00:12:29+00:00
41.715747,-91.583442,239.8,2023-09-27 00:12:30+00:00
41.715747,-91.583444,239.8,2023-09-27 00:12:31+00:00
41.715746,-91.583446,239.8,2023-09-27 00:12:33+00:00
41.715745,-91.583447,239.8,2023-09-27 00:12:34+00:00
41.715744,-91.583449,239.8,2023-09-27 00:12:35+00:00
41.715743,-91.58345,239.8,2023-09-27 00:12:36+00:00
41.715717,-91.583481,239.9,2023-09-27 00:12:37+00:00
41.715699,-91.583502,239.9,2023-09-27 00:12:38+00:00
41.715685,-91.583522,239.9,2023-09-27 00:12:40+00:00
41.715671,-91.583537,239.9,2023-09-27 00:12:41+00:00
41.715657,-91.583551,239.9,2023-09-27 00:12:42+00:00
41.715644,-91.583566,239.9,2023-09-27 00:12:43+00:00
41.715632,-91.583583,240.0,2023-09-27 00:12:44+00:00
41.715621,-91.583599,240.0,2023-09-27 00:12:45+00:00
41.715611,-91.583619,240.0,2023-09-27 00:12:46+00:00
41.7156,-91.583636,240.0,2023-09-27 00:12:47+00:00
41.71559,-91.583651,240.1,2023-09-27 00:12:48+00:00
41.715585,-91.583679,240.1,2023-09-27 00:12:49+00:00
41.71559,-91.583691,240.1,2023-09-27 00:12:51+00:00
41.715596,-91.583704,240.1,2023-09-27 00:12:52+00:00
41.715599,-91.583721,240.1,2023-09-27 00:12:53+00:00
41.715598,-91.583737,240.2,2023-09-27 00:12:54+00:00
41.715596,-91.583742,240.2,2023-09-27 00:12:55+00:00
41.715593,-91.583743,240.2,2023-09-27 00:12:56+00:00
41.715589,-91.58375,240.2,2023-09-27 00:12:58+00:00
41.715586,-91.583757,240.2,2023-09-27 00:12:59+00:00
41.715586,-91.58376,240.2,2023-09-27 00:13:00+00:00
41.715587,-91.583771,240.2,2023-09-27 00:13:01+00:00
41.715589,-91.583781,240.2,2023-09-27 00:13:02+00:00
41.71559,-91.583802,240.3,2023-09-27 00:13:03+00:00
41.715589,-91.583813,240.3,2023-09-27 00:13:04+00:00
41.715588,-91.583824,240.3,2023-09-27 00:13:05+00:00
41.715587,-91.583836,240.3,2023-09-27 00:13:07+00:00
41.715586,-91.583847,240.3,2023-09-27 00:13:08+00:00
41.715585,-91.583858,240.3,2023-09-27 00:13:09+00:00
41.715584,-91.583869,240.4,2023-09-27 00:13:10+00:00
41.715582,-91.583877,240.4,2023-09-27 00:13:11+00:00
41.715585,-91.583896,240.4,2023-09-27 00:13:12+00:00
41.715589,-91.583914,240.4,2023-09-27 00:13:14+00:00
41.715593,-91.58393,240.5,2023-09-27 00:13:15+00:00
41.715606,-91.583925,240.5,2023-09-27 00:13:16+00:00
41.715615,-91.583931,240.5,2023-09-27 00:13:17+00:00
41.715629,-91.58394,240.6,2023-09-27 00:13:18+00:00
41.715639,-91.58395,240.6,2023-09-27 00:13:19+00:00
41.715667,-91.583938,240.6,2023-09-27 00:13:20+00:00
41.715685,-91.583912,240.7,2023-09-27 00:13:21+00:00
41.715704,-91.583897,240.8,2023-09-27 00:13:23+00:00
41.715718,-91.583897,240.8,2023-09-27 00:13:24+00:00
41.715733,-91.58392,240.9,2023-09-27 00:13:25+00:00
41.715738,-91.583934,240.9,2023-09-27 00:13:26+00:00
41.715743,-91.583948,240.9,2023-09-27 00:13:27+00:00
41.715747,-91.583985,241.0,2023-09-27 00:13:29+00:00
41.715746,-91.584002,241.0,2023-09-27 00:13:30+00:00
41.715745,-91.584043,241.1,2023-09-27 00:13:31+00:00
41.715745,-91.584057,241.1,2023-09-27 00:13:32+00:00
41.715741,-91.584095,241.2,2023-09-27 00:13:33+00:00
41.715732,-91.58413,241.3,2023-09-27 00:13:34+00:00
41.715725,-91.584161,241.4,2023-09-27 00:13:35+00:00
41.715721,-91.584177,241.4,2023-09-27 00:13:37+00:00
41.715719,-91.58419,241.4,2023-09-27 00:13:38+00:00
41.715718,-91.584205,241.5,2023-09-27 00:13:39+00:00
41.715719,-91.584221,241.5,2023-09-27 00:13:40+00:00
41.715725,-91.584221,241.5,2023-09-27 00:13:41+00:00
41.715731,-91.584234,241.6,2023-09-27 00:13:42+00:00
41.715734,-91.584245,241.6,2023-09-27 00:13:43+00:00
41.715737,-91.584258,241.6,2023-09-27 00:13:44+00:00
41.715747,-91.584296,241.7,2023-09-27 00:13:46+00:00
41.715749,-91.584308,241.7,2023-09-27 00:13:48+00:00
41.715752,-91.584321,241.8,2023-09-27 00:13:49+00:00
41.715754,-91.584333,241.8,2023-09-27 00:13:50+00:00
41.715757,-91.584346,241.8,2023-09-27 00:13:51+00:00
41.71576,-91.584361,241.9,2023-09-27 00:13:52+00:00
41.715763,-91.584377,241.9,2023-09-27 00:13:53+00:00
41.715765,-91.584393,241.9,2023-09-27 00:13:55+00:00
41.715769,-91.584401,241.9,2023-09-27 00:13:56+00:00
41.715774,-91.584401,241.9,2023-09-27 00:13:57+00:00
41.715779,-91.584412,242.0,2023-09-27 00:13:58+00:00
41.715782,-91.584423,242.0,2023-09-27 00:13:59+00:00
41.715784,-91.584433,242.0,2023-09-27 00:14:00+00:00
41.715788,-91.584451,242.1,2023-09-27 00:14:02+00:00
41.715791,-91.584466,242.1,2023-09-27 00:14:03+00:00
41.715796,-91.584493,242.1,2023-09-27 00:14:04+00:00
41.715797,-91.584505,242.2,2023-09-27 00:14:05+00:00
41.715799,-91.584516,242.2,2023-09-27 00:14:06+00:00
41.715803,-91.584538,242.2,2023-09-27 00:14:07+00:00
41.715806,-91.584557,242.2,2023-09-27 00:14:08+00:00
41.71581,-91.584585,242.3,2023-09-27 00:14:10+00:00
41.71581,-91.584595,242.3,2023-09-27 00:14:11+00:00
41.715811,-91.584605,242.3,2023-09-27 00:14:12+00:00
41.715812,-91.584618,242.3,2023-09-27 00:14:13+00:00
41.715814,-91.58463,242.3,2023-09-27 00:14:14+00:00
41.715817,-91.584648,242.4,2023-09-27 00:14:15+00:00
41.715818,-91.584656,242.4,2023-09-27 00:14:16+00:00
41.715822,-91.584675,242.4,2023-09-27 00:14:18+00:00
41.715825,-91.584688,242.4,2023-09-27 00:14:19+00:00
41.715829,-91.584702,242.4,2023-09-27 00:14:20+00:00
41.715835,-91.584716,242.4,2023-09-27 00:14:21+00:00
41.715841,-91.58473,242.4,2023-09-27 00:14:22+00:00
41.715851,-91.584758,242.5,2023-09-27 00:14:24+00:00
41.715855,-91.584768,242.5,2023-09-27 00:14:25+00:00
41.715859,-91.584777,242.5,2023-09-27 00:14:26+00:00
41.715869,-91.584791,242.5,2023-09-27 00:14:27+00:00
41.715878,-91.584806,242.5,2023-09-27 00:14:28+00:00
41.715885,-91.584822,242.5,2023-09-27 00:14:29+00:00
41.715893,-91.584842,242.5,2023-09-27 00:14:31+00:00
41.715909,-91.584853,242.5,2023-09-27 00:14:32+00:00
41.715916,-91.584864,242.5,2023-09-27 00:14:33+00:00
41.715923,-91.584874,242.5,2023-09-27 00:14:34+00:00
41.715927,-91.584886,242.5,2023-09-27 00:14:35+00:00
41.715931,-91.584896,242.5,2023-09-27 00:14:36+00:00
41.715934,-91.584905,242.5,2023-09-27 00:14:37+00:00
41.715936,-91.584916,242.5,2023-09-27 00:14:39+00:00
41.715937,-91.584927,242.5,2023-09-27 00:14:40+00:00
41.715936,-91.584932,242.5,2023-09-27 00:14:41+00:00
41.715937,-91.584937,242.5,2023-09-27 00:14:42+00:00
41.715935,-91.584942,242.5,2023-09-27 00:14:44+00:00
41.715932,-91.584943,242.5,2023-09-27 00:14:45+00:00
41.715929,-91.584937,242.5,2023-09-27 00:14:46+00:00
41.715929,-91.584934,242.5,2023-09-27 00:14:47+00:00
41.715929,-91.584935,242.5,2023-09-27 00:14:48+00:00
41.71593,-91.584943,242.5,2023-09-27 00:14:50+00:00
41.715931,-91.584947,242.5,2023-09-27 00:14:51+00:00
41.715936,-91.584953,242.5,2023-09-27 00:14:52+00:00
41.715939,-91.584961,242.5,2023-09-27 00:14:53+00:00
41.715942,-91.584973,242.5,2023-09-27 00:14:54+00:00
41.715946,-91.584987,242.4,2023-09-27 00:14:55+00:00
41.71595,-91.585001,242.4,2023-09-27 00:14:56+00:00
41.715955,-91.585012,242.4,2023-09-27 00:14:57+00:00
41.715963,-91.585041,242.4,2023-09-27 00:14:58+00:00
41.715966,-91.585053,242.4,2023-09-27 00:14:59+00:00
41.715969,-91.585065,242.3,2023-09-27 00:15:00+00:00
41.715975,-91.585076,242.3,2023-09-27 00:15:02+00:00
41.71598,-91.585089,242.3,2023-09-27 00:15:03+00:00
41.715984,-91.585104,242.3,2023-09-27 00:15:04+00:00
41.715988,-91.58512,242.3,2023-09-27 00:15:05+00:00
41.715992,-91.585142,242.2,2023-09-27 00:15:06+00:00
41.715995,-91.585162,242.2,2023-09-27 00:15:07+00:00
41.715998,-91.585183,242.1,2023-09-27 00:15:08+00:00
41.716003,-91.585207,242.1,2023-09-27 00:15:10+00:00
41.716005,-91.585227,242.1,2023-09-27 00:15:11+00:00
41.716008,-91.585246,242.0,2023-09-27 00:15:12+00:00
41.716012,-91.585263,242.0,2023-09-27 00:15:13+00:00
41.716013,-91.585301,241.9,2023-09-27 00:15:14+00:00
41.716014,-91.585316,241.9,2023-09-27 00:15:15+00:00
41.716015,-91.585337,241.8,2023-09-27 00:15:16+00:00
41.716017,-91.585357,241.8,2023-09-27 00:15:18+00:00
41.716019,-91.585374,241.7,2023-09-27 00:15:19+00:00
41.716022,-91.58539,241.7,2023-09-27 00:15:20+00:00
41.716024,-91.585401,241.7,2023-09-27 00:15:21+00:00
41.716029,-91.585427,241.6,2023-09-27 00:15:22+00:00
41.716032,-91.585438,241.6,2023-09-27 00:15:23+00:00
41.716034,-91.585448,241.6,2023-09-27 00:15:24+00:00
41.716043,-91.585474,241.5,2023-09-27 00:15:25+00:00
41.716048,-91.585486,241.4,2023-09-27 00:15:26+00:00
41.716053,-91.585498,241.4,2023-09-27 00:15:28+00:00
41.716057,-91.585509,241.4,2023-09-27 00:15:29+00:00
41.716062,-91.585521,241.4,2023-09-27 00:15:30+00:00
41.716067,-91.585533,241.3,2023-09-27 00:15:31+00:00
41.716072,-91.585544,241.3,2023-09-27 00:15:32+00:00
41.71608,-91.585564,241.2,2023-09-27 00:15:33+00:00
41.716094,-91.585593,241.1,2023-09-27 00:15:35+00:00
41.7161,-91.585607,241.1,2023-09-27 00:15:36+00:00
41.716107,-91.58562,241.1,2023-09-27 00:15:37+00:00
41.716117,-91.58564,241.0,2023-09-27 00:15:38+00:00
41.716124,-91.585658,241.0,2023-09-27 00:15:39+00:00
41.716131,-91.585675,240.9,2023-09-27 00:15:40+00:00
41.716137,-91.585693,240.9,2023-09-27 00:15:42+00:00
41.716142,-91.585707,240.8,2023-09-27 00:15:43+00:00
41.716146,-91.585723,240.8,2023-09-27 00:15:44+00:00
41.716149,-91.585736,240.7,2023-09-27 00:15:45+00:00
41.716152,-91.585748,240.7,2023-09-27 00:15:46+00:00
41.716155,-91.585762,240.7,2023-09-27 00:15:47+00:00
41.716156,-91.585771,240.7,2023-09-27 00:15:48+00:00
41.71616,-91.585783,240.6,2023-09-27 00:15:49+00:00
41.716164,-91.585796,240.6,2023-09-27 00:15:51+00:00
41.716168,-91.585808,240.5,2023-09-27 00:15:52+00:00
41.716174,-91.585822,240.5,2023-09-27 00:15:53+00:00
41.716179,-91.585832,240.5,2023-09-27 00:15:54+00:00
41.716185,-91.585848,240.4,2023-09-27 00:15:55+00:00
41.71619,-91.585858,240.4,2023-09-27 00:15:56+00:00
41.716197,-91.585871,240.4,2023-09-27 00:15:58+00:00
41.716203,-91.585882,240.3,2023-09-27 00:15:59+00:00
41.716208,-91.585895,240.3,2023-09-27 00:16:00+00:00
41.716213,-91.585909,240.2,2023-09-27 00:16:01+00:00
41.716216,-91.585916,240.2,2023-09-27 00:16:02+00:00
41.71622,-91.585925,240.2,2023-09-27 00:16:03+00:00
41.716224,-91.585937,240.2,2023-09-27 00:16:04+00:00
41.716228,-91.58595,240.1,2023-09-27 00:16:05+00:00
41.716231,-91.585963,240.1,2023-09-27 00:16:06+00:00
41.716233,-91.585977,240.1,2023-09-27 00:16:07+00:00
41.716236,-91.585992,240.0,2023-09-27 00:16:08+00:00
41.71624,-91.586007,240.0,2023-09-27 00:16:10+00:00
41.716243,-91.586021,239.9,2023-09-27 00:16:11+00:00
41.716245,-91.586037,239.9,2023-09-27 00:16:12+00:00
41.716248,-91.586051,239.9,2023-09-27 00:16:13+00:00
41.71625,-91.586065,239.8,2023-09-27 00:16:14+00:00
41.716247,-91.58608,239.8,2023-09-27 00:16:15+00:00
41.716245,-91.586091,239.8,2023-09-27 00:16:16+00:00
41.716247,-91.586104,239.8,2023-09-27 00:16:17+00:00
41.71625,-91.586118,239.7,2023-09-27 00:16:18+00:00
41.716258,-91.586144,239.7,2023-09-27 00:16:19+00:00
41.716262,-91.586155,239.6,2023-09-27 00:16:21+00:00
41.716265,-91.586165,239.6,2023-09-27 00:16:22+00:00
41.716276,-91.586194,239.5,2023-09-27 00:16:23+00:00
41.71628,-91.586206,239.5,2023-09-27 00:16:24+00:00
41.716284,-91.586218,239.5,2023-09-27 00:16:25+00:00
41.716291,-91.586244,239.4,2023-09-27 00:16:26+00:00
41.716294,-91.586255,239.4,2023-09-27 00:16:28+00:00
41.716296,-91.586266,239.4,2023-09-27 00:16:29+00:00
41.716295,-91.586297,239.3,2023-09-27 00:16:30+00:00
41.716292,-91.586312,239.3,2023-09-27 00:16:31+00:00
41.71629,-91.586326,239.3,2023-09-27 00:16:32+00:00
41.716289,-91.586352,239.2,2023-09-27 00:16:33+00:00
41.71629,-91.586371,239.2,2023-09-27 00:16:34+00:00
41.716291,-91.586388,239.1,2023-09-27 00:16:35+00:00
41.716293,-91.586409,239.1,2023-09-27 00:16:37+00:00
41.716295,-91.586423,239.1,2023-09-27 00:16:38+00:00
41.716294,-91.586433,239.0,2023-09-27 00:16:39+00:00
41.716294,-91.586447,239.0,2023-09-27 00:16:40+00:00
41.716294,-91.586458,239.0,2023-09-27 00:16:41+00:00
41.716287,-91.586477,239.0,2023-09-27 00:16:42+00:00
41.716283,-91.586484,238.9,2023-09-27 00:16:44+00:00
41.716281,-91.586487,238.9,2023-09-27 00:16:45+00:00
41.71628,-91.586487,238.9,2023-09-27 00:16:46+00:00
41.71628,-91.58649,238.9,2023-09-27 00:16:47+00:00
41.71628,-91.586492,238.9,2023-09-27 00:16:48+00:00
41.71628,-91.586499,238.9,2023-09-27 00:16:49+00:00
41.716281,-91.586507,238.9,2023-09-27 00:16:50+00:00
41.716281,-91.586527,238.8,2023-09-27 00:16:51+00:00
41.716281,-91.586554,238.8,2023-09-27 00:16:52+00:00
41.716282,-91.586576,238.8,2023-09-27 00:16:54+00:00
41.716285,-91.586608,238.7,2023-09-27 00:16:55+00:00
41.716286,-91.586621,238.7,2023-09-27 00:16:56+00:00
41.716286,-91.586634,238.6,2023-09-27 00:16:57+00:00
41.716287,-91.586654,238.6,2023-09-27 00:16:58+00:00
41.716287,-91.586671,238.6,2023-09-27 00:16:59+00:00
41.716288,-91.5867,238.5,2023-09-27 00:17:00+00:00
41.716288,-91.586713,238.5,2023-09-27 00:17:02+00:00
41.716289,-91.586725,238.5,2023-09-27 00:17:03+00:00
41.71629,-91.58674,238.4,2023-09-27 00:17:04+00:00
41.716291,-91.58676,238.4,2023-09-27 00:17:05+00:00
41.716291,-91.586768,238.4,2023-09-27 00:17:06+00:00
41.716295,-91.586795,238.4,2023-09-27 00:17:08+00:00
41.716297,-91.586812,238.3,2023-09-27 00:17:09+00:00
41.716297,-91.586827,238.3,2023-09-27 00:17:10+00:00
41.716296,-91.586841,238.3,2023-09-27 00:17:11+00:00
41.716298,-91.586856,238.3,2023-09-27 00:17:12+00:00
41.7163,-91.586868,238.2,2023-09-27 00:17:13+00:00
41.716299,-91.586885,238.2,2023-09-27 00:17:14+00:00
41.716298,-91.586904,238.2,2023-09-27 00:17:16+00:00
41.716295,-91.586917,238.2,2023-09-27 00:17:17+00:00
41.716299,-91.58693,238.2,2023-09-27 00:17:18+00:00
41.716303,-91.586943,238.2,2023-09-27 00:17:19+00:00
41.716304,-91.586957,238.2,2023-09-27 00:17:20+00:00
41.716303,-91.58697,238.2,2023-09-27 00:17:21+00:00
41.716297,-91.58699,238.2,2023-09-27 00:17:23+00:00
41.71629,-91.587005,238.2,2023-09-27 00:17:24+00:00
41.716289,-91.587013,238.1,2023-09-27 00:17:25+00:00
41.716285,-91.587024,238.1,2023-09-27 00:17:26+00:00
41.716278,-91.587038,238.1,2023-09-27 00:17:27+00:00
41.716269,-91.587057,238.1,2023-09-27 00:17:29+00:00
41.716259,-91.587068,238.1,2023-09-27 00:17:30+00:00
41.71625,-91.587078,238.1,2023-09-27 00:17:31+00:00
41.716243,-91.587086,238.1,2023-09-27 00:17:32+00:00
41.716237,-91.587089,238.1,2023-09-27 00:17:33+00:00
41.716224,-91.587106,238.1,2023-09-27 00:17:35+00:00
41.716217,-91.587116,238.2,2023-09-27 00:17:36+00:00
41.716203,-91.587136,238.2,2023-09-27 00:17:38+00:00
41.716205,-91.587148,238.2,2023-09-27 00:17:40+00:00
41.716202,-91.587159,238.2,2023-09-27 00:17:41+00:00
41.716197,-91.587169,238.2,2023-09-27 00:17:42+00:00
41.716189,-91.587185,238.2,2023-09-27 00:17:43+00:00
41.716181,-91.587198,238.2,2023-09-27 00:17:44+00:00
41.716172,-91.587212,238.3,2023-09-27 00:17:45+00:00
41.71616,-91.587236,238.3,2023-09-27 00:17:47+00:00
41.716158,-91.587243,238.3,2023-09-27 00:17:49+00:00
41.716154,-91.587255,238.3,2023-09-27 00:17:50+00:00
41.716149,-91.587265,238.3,2023-09-27 00:17:51+00:00
41.716143,-91.587276,238.3,2023-09-27 00:17:52+00:00
41.716135,-91.587288,238.4,2023-09-27 00:17:53+00:00
41.716128,-91.5873,238.4,2023-09-27 00:17:54+00:00
41.716124,-91.587315,238.4,2023-09-27 00:17:56+00:00
41.716118,-91.587323,238.4,2023-09-27 00:17:57+00:00
41.716111,-91.587333,238.5,2023-09-27 00:17:58+00:00
41.716103,-91.587345,238.5,2023-09-27 00:17:59+00:00
41.716095,-91.587357,238.5,2023-09-27 00:18:00+00:00
41.716086,-91.58737,238.6,2023-09-27 00:18:02+00:00
41.716079,-91.58738,238.6,2023-09-27 00:18:03+00:00
41.716071,-91.587393,238.6,2023-09-27 00:18:04+00:00
41.716065,-91.587405,238.7,2023-09-27 00:18:05+00:00
41.716054,-91.587424,238.7,2023-09-27 00:18:06+00:00
41.716047,-91.587439,238.8,2023-09-27 00:18:07+00:00
41.716038,-91.587455,238.8,2023-09-27 00:18:08+00:00
41.71603,-91.587472,238.8,2023-09-27 00:18:10+00:00
41.716022,-91.587487,238.9,2023-09-27 00:18:11+00:00
41.716015,-91.587503,238.9,2023-09-27 00:18:12+00:00
41.716007,-91.587519,239.0,2023-09-27 00:18:13+00:00
41.716,-91.587535,239.0,2023-09-27 00:18:14+00:00
41.715995,-91.587553,239.1,2023-09-27 00:18:15+00:00
41.715988,-91.587572,239.2,2023-09-27 00:18:16+00:00
41.715981,-91.587589,239.2,2023-09-27 00:18:17+00:00
41.715976,-91.587603,239.3,2023-09-27 00:18:18+00:00
41.715968,-91.587618,239.4,2023-09-27 00:18:20+00:00
41.715962,-91.587627,239.4,2023-09-27 00:18:21+00:00
41.715957,-91.587628,239.4,2023-09-27 00:18:22+00:00
41.715952,-91.587631,239.5,2023-09-27 00:18:23+00:00
41.715952,-91.587626,239.5,2023-09-27 00:18:25+00:00
41.715953,-91.587625,239.5,2023-09-27 00:18:26+00:00
41.715956,-91.587625,239.5,2023-09-27 00:18:28+00:00
41.715957,-91.587626,239.5,2023-09-27 00:18:29+00:00
41.715958,-91.587627,239.5,2023-09-27 00:18:30+00:00
41.715958,-91.587631,239.5,2023-09-27 00:18:31+00:00
41.715957,-91.587636,239.5,2023-09-27 00:18:32+00:00
41.715956,-91.587642,239.6,2023-09-27 00:18:34+00:00
41.715953,-91.58765,239.6,2023-09-27 00:18:35+00:00
41.715951,-91.587656,239.6,2023-09-27 00:18:36+00:00
41.715947,-91.587669,239.7,2023-09-27 00:18:37+00:00
41.715943,-91.587681,239.7,2023-09-27 00:18:38+00:00
41.715938,-91.587693,239.8,2023-09-27 00:18:39+00:00
41.715929,-91.587718,239.9,2023-09-27 00:18:40+00:00
41.715925,-91.587728,239.9,2023-09-27 00:18:41+00:00
41.715921,-91.587739,240.0,2023-09-27 00:18:42+00:00
41.715912,-91.587764,240.1,2023-09-27 00:18:43+00:00
41.715909,-91.587775,240.2,2023-09-27 00:18:45+00:00
41.715906,-91.587785,240.2,2023-09-27 00:18:46+00:00
41.715904,-91.587799,240.3,2023-09-27 00:18:47+00:00
41.715914,-91.587808,240.4,2023-09-27 00:18:48+00:00
41.715918,-91.587819,240.4,2023-09-27 00:18:49+00:00
41.715917,-91.587835,240.5,2023-09-27 00:18:50+00:00
41.715914,-91.587846,240.5,2023-09-27 00:18:51+00:00
41.715908,-91.587861,240.6,2023-09-27 00:18:53+00:00
41.715909,-91.587864,240.6,2023-09-27 00:18:55+00:00
41.715914,-91.587862,240.7,2023-09-27 00:18:56+00:00
41.715921,-91.587859,240.7,2023-09-27 00:18:57+00:00
41.715924,-91.58786,240.7,2023-09-27 00:18:58+00:00
41.715925,-91.587869,240.8,2023-09-27 00:18:59+00:00
41.715925,-91.587879,240.8,2023-09-27 00:19:00+00:00
41.715924,-91.587892,240.9,2023-09-27 00:19:01+00:00
41.715921,-91.587918,241.2,2023-09-27 00:19:03+00:00
41.715919,-91.587929,241.3,2023-09-27 00:19:04+00:00
41.715917,-91.58794,241.3,2023-09-27 00:19:05+00:00
41.715912,-91.587958,241.3,2023-09-27 00:19:06+00:00
41.715893,-91.587993,241.4,2023-09-27 00:19:08+00:00
41.715876,-91.588021,241.6,2023-09-27 00:19:09+00:00
41.715869,-91.58803,241.6,2023-09-27 00:19:10+00:00
41.715859,-91.58805,241.7,2023-09-27 00:19:11+00:00
41.71585,-91.588064,241.7,2023-09-27 00:19:12+00:00
41.715842,-91.588077,241.8,2023-09-27 00:19:13+00:00
41.715833,-91.588094,241.9,2023-09-27 00:19:15+00:00
41.715825,-91.588107,241.9,2023-09-27 00:19:16+00:00
41.715818,-91.588117,242.0,2023-09-27 00:19:17+00:00
41.715821,-91.58813,242.0,2023-09-27 00:19:18+00:00
41.715821,-91.58814,242.1,2023-09-27 00:19:19+00:00
41.715817,-91.588154,242.1,2023-09-27 00:19:20+00:00
41.715813,-91.588167,242.2,2023-09-27 00:19:21+00:00
41.715807,-91.58818,242.2,2023-09-27 00:19:22+00:00
41.7158,-91.588194,242.3,2023-09-27 00:19:24+00:00
41.715796,-91.588206,242.3,2023-09-27 00:19:25+00:00
41.715792,-91.588218,242.4,2023-09-27 00:19:26+00:00
41.715786,-91.588231,242.4,2023-09-27 00:19:27+00:00
41.715781,-91.588245,242.5,2023-09-27 00:19:28+00:00
41.715774,-91.588262,242.6,2023-09-27 00:19:29+00:00
41.715768,-91.588277,242.6,2023-09-27 00:19:30+00:00
41.715761,-91.588294,242.7,2023-09-27 00:19:32+00:00
41.715751,-91.588318,242.8,2023-09-27 00:19:33+00:00
41.715747,-91.588328,242.9,2023-09-27 00:19:34+00:00
41.715743,-91.588337,242.9,2023-09-27 00:19:35+00:00
41.715731,-91.588363,243.0,2023-09-27 00:19:36+00:00
41.715727,-91.588372,243.1,2023-09-27 00:19:37+00:00
41.715722,-91.588381,243.1,2023-09-27 00:19:38+00:00
41.715724,-91.588382,243.1,2023-09-27 00:19:39+00:00
41.715723,-91.588387,243.2,2023-09-27 00:19:40+00:00
41.715719,-91.588396,243.2,2023-09-27 00:19:41+00:00
41.715714,-91.588406,243.3,2023-09-27 00:19:43+00:00
41.715708,-91.58842,243.3,2023-09-27 00:19:44+00:00
41.715703,-91.588431,243.4,2023-09-27 00:19:45+00:00
41.715698,-91.588444,243.5,2023-09-27 00:19:46+00:00
41.715691,-91.58846,243.5,2023-09-27 00:19:47+00:00
41.715686,-91.588475,243.6,2023-09-27 00:19:48+00:00
41.715682,-91.588487,243.7,2023-09-27 00:19:49+00:00
41.715678,-91.588501,243.8,2023-09-27 00:19:50+00:00
41.715673,-91.588515,243.8,2023-09-27 00:19:52+00:00
41.715669,-91.588527,243.9,2023-09-27 00:19:53+00:00
41.715664,-91.588541,244.0,2023-09-27 00:19:54+00:00
41.715654,-91.588565,244.1,2023-09-27 00:19:55+00:00
41.715649,-91.588575,244.2,2023-09-27 00:19:56+00:00
41.715645,-91.588585,244.2,2023-09-27 00:19:57+00:00
41.715627,-91.588604,244.4,2023-09-27 00:19:58+00:00
41.71562,-91.588611,244.4,2023-09-27 00:19:59+00:00
41.715613,-91.588618,244.5,2023-09-27 00:20:00+00:00
41.715598,-91.588636,244.6,2023-09-27 00:20:01+00:00
41.71559,-91.588642,244.7,2023-09-27 00:20:03+00:00
41.715583,-91.588647,244.7,2023-09-27 00:20:04+00:00
41.715573,-91.588655,244.8,2023-09-27 00:20:05+00:00
41.715565,-91.588665,244.9,2023-09-27 00:20:06+00:00
41.715558,-91.58868,245.0,2023-09-27 00:20:07+00:00
41.715556,-91.588683,245.0,2023-09-27 00:20:08+00:00
41.715547,-91.588691,245.1,2023-09-27 00:20:10+00:00
41.715545,-91.588689,245.1,2023-09-27 00:20:11+00:00
41.715545,-91.588688,245.1,2023-09-27 00:20:12+00:00
41.715546,-91.588687,245.1,2023-09-27 00:20:13+00:00
41.715548,-91.588685,245.1,2023-09-27 00:20:14+00:00
41.715559,-91.588684,245.2,2023-09-27 00:20:15+00:00
41.715569,-91.58869,245.2,2023-09-27 00:20:16+00:00
41.715574,-91.588697,245.3,2023-09-27 00:20:18+00:00
41.715577,-91.588703,245.3,2023-09-27 00:20:19+00:00
41.715578,-91.588708,245.3,2023-09-27 00:20:20+00:00
41.715579,-91.588712,245.4,2023-09-27 00:20:21+00:00
41.71558,-91.588716,245.4,2023-09-27 00:20:22+00:00
41.71558,-91.588721,245.4,2023-09-27 00:20:24+00:00
41.715581,-91.588723,245.4,2023-09-27 00:20:25+00:00
41.715581,-91.588725,245.4,2023-09-27 00:20:26+00:00
41.715583,-91.588727,245.5,2023-09-27 00:20:28+00:00
41.715583,-91.588729,245.5,2023-09-27 00:20:29+00:00
41.715582,-91.588732,245.5,2023-09-27 00:20:30+00:00
41.71558,-91.588737,245.5,2023-09-27 00:20:31+00:00
41.715577,-91.588747,245.6,2023-09-27 00:20:32+00:00
41.71557,-91.588771,245.7,2023-09-27 00:20:33+00:00
41.715567,-91.588783,245.7,2023-09-27 00:20:34+00:00
41.715563,-91.588795,245.8,2023-09-27 00:20:35+00:00
41.715555,-91.588819,245.9,2023-09-27 00:20:37+00:00
41.715548,-91.588838,246.0,2023-09-27 00:20:38+00:00
41.71554,-91.588859,246.1,2023-09-27 00:20:39+00:00
41.715532,-91.588876,246.2,2023-09-27 00:20:40+00:00
41.715526,-91.588893,246.3,2023-09-27 00:20:41+00:00
41.715519,-91.58891,246.3,2023-09-27 00:20:42+00:00
41.715516,-91.588925,246.3,2023-09-27 00:20:43+00:00
41.715518,-91.588937,246.2,2023-09-27 00:20:44+00:00
41.715525,-91.588946,246.2,2023-09-27 00:20:45+00:00
41.715542,-91.588959,246.2,2023-09-27 00:20:47+00:00
41.715549,-91.588964,246.2,2023-09-27 00:20:48+00:00
41.715557,-91.58897,246.2,2023-09-27 00:20:49+00:00
41.715571,-91.58898,246.2,2023-09-27 00:20:50+00:00
41.715584,-91.588989,246.2,2023-09-27 00:20:51+00:00
41.715597,-91.588997,246.2,2023-09-27 00:20:52+00:00
41.71561,-91.589005,246.2,2023-09-27 00:20:53+00:00
41.715625,-91.589015,246.2,2023-09-27 00:20:55+00:00
41.715638,-91.589022,246.2,2023-09-27 00:20:56+00:00
41.71565,-91.58903,246.1,2023-09-27 00:20:57+00:00
41.715662,-91.589038,246.1,2023-09-27 00:20:58+00:00
41.715677,-91.58905,246.1,2023-09-27 00:20:59+00:00
41.715689,-91.589059,246.1,2023-09-27 00:21:00+00:00
41.715703,-91.589069,246.1,2023-09-27 00:21:02+00:00
41.715714,-91.589077,246.1,2023-09-27 00:21:03+00:00
41.715726,-91.589087,246.1,2023-09-27 00:21:04+00:00
41.715737,-91.589096,246.0,2023-09-27 00:21:05+00:00
41.715748,-91.589104,246.0,2023-09-27 00:21:06+00:00
41.715757,-91.589112,246.0,2023-09-27 00:21:07+00:00
41.71577,-91.589118,246.0,2023-09-27 00:21:09+00:00
41.715774,-91.589117,246.0,2023-09-27 00:21:10+00:00
41.715772,-91.589111,246.0,2023-09-27 00:21:12+00:00
41.715769,-91.589104,246.0,2023-09-27 00:21:13+00:00
41.715768,-91.589099,246.0,2023-09-27 00:21:14+00:00
41.715765,-91.589097,245.9,2023-09-27 00:21:15+00:00
41.715764,-91.589096,245.9,2023-09-27 00:21:16+00:00
41.715769,-91.589097,245.9,2023-09-27 00:21:17+00:00
41.715775,-91.589098,245.9,2023-09-27 00:21:18+00:00
41.715784,-91.5891,245.9,2023-09-27 00:21:19+00:00
41.715794,-91.589102,245.9,2023-09-27 00:21:20+00:00
41.715806,-91.589108,245.9,2023-09-27 00:21:22+00:00
41.715818,-91.589111,245.9,2023-09-27 00:21:23+00:00
41.715823,-91.58911,245.9,2023-09-27 00:21:24+00:00
41.715826,-91.589108,245.9,2023-09-27 00:21:25+00:00
41.715832,-91.589103,245.9,2023-09-27 00:21:26+00:00
41.715835,-91.589096,245.9,2023-09-27 00:21:27+00:00
41.715844,-91.589072,245.9,2023-09-27 00:21:29+00:00
41.715848,-91.589061,245.9,2023-09-27 00:21:30+00:00
41.715853,-91.58905,245.9,2023-09-27 00:21:31+00:00
41.715864,-91.589018,245.9,2023-09-27 00:21:32+00:00
41.715869,-91.589006,245.9,2023-09-27 00:21:33+00:00
41.71588,-91.588971,245.9,2023-09-27 00:21:34+00:00
41.715885,-91.588956,245.9,2023-09-27 00:21:35+00:00
41.715887,-91.588935,246.0,2023-09-27 00:21:36+00:00
41.715886,-91.588919,246.0,2023-09-27 00:21:37+00:00
41.715882,-91.588908,246.0,2023-09-27 00:21:39+00:00
41.715878,-91.588899,246.0,2023-09-27 00:21:40+00:00
41.715871,-91.588891,246.0,2023-09-27 00:21:41+00:00
41.715864,-91.588883,246.0,2023-09-27 00:21:42+00:00
41.715849,-91.588863,246.0,2023-09-27 00:21:43+00:00
41.715843,-91.588856,246.0,2023-09-27 00:21:44+00:00
41.715836,-91.588849,246.0,2023-09-27 00:21:45+00:00
41.715822,-91.588834,246.1,2023-09-27 00:21:47+00:00
41.715812,-91.588825,246.1,2023-09-27 00:21:48+00:00
41.715793,-91.588808,246.1,2023-09-27 00:21:49+00:00
41.715785,-91.588801,246.1,2023-09-27 00:21:50+00:00
41.715776,-91.588795,246.1,2023-09-27 00:21:51+00:00
41.715757,-91.588781,246.1,2023-09-27 00:21:52+00:00
41.71575,-91.588776,246.1,2023-09-27 00:21:53+00:00
41.715742,-91.588771,246.2,2023-09-27 00:21:54+00:00
41.715722,-91.588757,246.2,2023-09-27 00:21:56+00:00
41.715716,-91.588753,246.2,2023-09-27 00:21:57+00:00
41.71571,-91.58875,246.2,2023-09-27 00:21:58+00:00
41.715691,-91.588737,246.2,2023-09-27 00:21:59+00:00
41.715684,-91.588732,246.2,2023-09-27 00:22:00+00:00
41.715677,-91.588728,246.2,2023-09-27 00:22:01+00:00
41.715667,-91.588721,246.2,2023-09-27 00:22:02+00:00
41.715657,-91.588714,246.2,2023-09-27 00:22:03+00:00
41.715647,-91.588707,246.2,2023-09-27 00:22:04+00:00
41.715637,-91.5887,245.5,2023-09-27 00:22:05+00:00
41.715628,-91.588693,245.4,2023-09-27 00:22:07+00:00
41.715619,-91.588687,245.4,2023-09-27 00:22:08+00:00
41.71561,-91.58868,245.3,2023-09-27 00:22:09+00:00
41.715602,-91.588673,245.3,2023-09-27 00:22:10+00:00
41.715597,-91.588664,245.2,2023-09-27 00:22:11+00:00
41.715595,-91.588651,245.2,2023-09-27 00:22:13+00:00
41.715598,-91.588641,245.1,2023-09-27 00:22:14+00:00
41.7156,-91.588628,245.1,2023-09-27 00:22:15+00:00
41.715603,-91.588615,245.0,2023-09-27 00:22:16+00:00
41.715606,-91.588601,245.0,2023-09-27 00:22:17+00:00
41.715611,-91.588588,244.9,2023-09-27 00:22:18+00:00
41.715617,-91.588575,244.9,2023-09-27 00:22:19+00:00
41.715625,-91.58856,244.8,2023-09-27 00:22:20+00:00
41.715632,-91.588551,244.7,2023-09-27 00:22:21+00:00
41.715638,-91.588546,244.7,2023-09-27 00:22:22+00:00
41.715645,-91.588546,244.7,2023-09-27 00:22:23+00:00
41.715646,-91.58854,244.7,2023-09-27 00:22:25+00:00
41.715642,-91.58853,244.6,2023-09-27 00:22:26+00:00
41.715639,-91.588522,244.6,2023-09-27 00:22:27+00:00
41.715638,-91.588513,244.6,2023-09-27 00:22:28+00:00
41.71563,-91.588484,244.4,2023-09-27 00:22:29+00:00
41.715622,-91.588467,244.4,2023-09-27 00:22:31+00:00
41.715613,-91.588449,244.3,2023-09-27 00:22:32+00:00
41.715604,-91.588432,244.2,2023-09-27 00:22:33+00:00
41.715591,-91.5884,244.1,2023-09-27 00:22:34+00:00
41.715578,-91.588389,244.0,2023-09-27 00:22:35+00:00
41.715564,-91.58837,243.9,2023-09-27 00:22:37+00:00
41.715556,-91.588351,243.8,2023-09-27 00:22:38+00:00
41.715545,-91.588324,243.7,2023-09-27 00:22:39+00:00
41.715535,-91.588312,243.7,2023-09-27 00:22:40+00:00
41.715512,-91.58828,243.5,2023-09-27 00:22:41+00:00
41.715509,-91.588269,243.5,2023-09-27 00:22:42+00:00
41.715513,-91.588253,243.4,2023-09-27 00:22:44+00:00
41.715498,-91.588234,243.3,2023-09-27 00:22:45+00:00
41.715485,-91.588216,243.2,2023-09-27 00:22:46+00:00
41.715484,-91.588202,243.2,2023-09-27 00:22:47+00:00
41.715503,-91.588186,243.1,2023-09-27 00:22:48+00:00
41.715545,-91.588182,242.9,2023-09-27 00:22:49+00:00
41.715575,-91.588181,242.8,2023-09-27 00:22:50+00:00
41.715604,-91.588181,242.7,2023-09-27 00:22:51+00:00
41.715728,-91.588189,242.2,2023-09-27 00:22:53+00:00
41.715772,-91.588187,242.0,2023-09-27 00:22:55+00:00
41.715801,-91.588183,241.9,2023-09-27 00:22:56+00:00
41.715829,-91.58817,241.8,2023-09-27 00:22:57+00:00
41.715836,-91.588164,241.8,2023-09-27 00:22:58+00:00
41.715845,-91.58814,241.7,2023-09-27 00:22:59+00:00
41.715847,-91.588129,241.7,2023-09-27 00:23:00+00:00
41.715849,-91.588119,241.7,2023-09-27 00:23:01+00:00
41.715854,-91.588081,241.6,2023-09-27 00:23:02+00:00
41.715857,-91.588067,241.6,2023-09-27 00:23:04+00:00
41.715859,-91.588054,241.5,2023-09-27 00:23:05+00:00
41.715862,-91.58804,241.5,2023-09-27 00:23:06+00:00
41.715864,-91.588026,241.5,2023-09-27 00:23:07+00:00
41.715866,-91.58801,241.4,2023-09-27 00:23:08+00:00
41.715865,-91.587995,241.4,2023-09-27 00:23:09+00:00
41.715862,-91.587982,241.4,2023-09-27 00:23:10+00:00
41.715857,-91.587969,241.4,2023-09-27 00:23:11+00:00
41.715855,-91.58796,241.3,2023-09-27 00:23:12+00:00
41.71585,-91.587935,241.3,2023-09-27 00:23:14+00:00
41.715848,-91.58792,241.3,2023-09-27 00:23:16+00:00
41.715847,-91.5879,241.2,2023-09-27 00:23:17+00:00
41.715855,-91.58787,241.0,2023-09-27 00:23:18+00:00
41.715861,-91.587856,240.9,2023-09-27 00:23:19+00:00
41.715868,-91.587842,240.8,2023-09-27 00:23:20+00:00
41.715895,-91.587801,240.6,2023-09-27 00:23:22+00:00
41.715906,-91.587782,240.5,2023-09-27 00:23:24+00:00
41.71591,-91.587777,240.4,2023-09-27 00:23:25+00:00
41.715917,-91.587769,240.4,2023-09-27 00:23:26+00:00
41.715923,-91.587772,240.3,2023-09-27 00:23:27+00:00
41.715925,-91.587773,240.3,2023-09-27 00:23:29+00:00
41.715925,-91.587773,240.3,2023-09-27 00:23:30+00:00
41.715928,-91.587767,240.3,2023-09-27 00:23:31+00:00
41.715928,-91.587757,240.2,2023-09-27 00:23:32+00:00
41.715929,-91.587739,240.2,2023-09-27 00:23:33+00:00
41.715931,-91.587729,240.1,2023-09-27 00:23:34+00:00
41.715932,-91.587719,240.1,2023-09-27 00:23:36+00:00
41.715934,-91.587708,240.0,2023-09-27 00:23:37+00:00
41.715937,-91.587697,240.0,2023-09-27 00:23:38+00:00
41.715942,-91.587685,239.9,2023-09-27 00:23:39+00:00
41.71595,-91.587672,239.8,2023-09-27 00:23:40+00:00
41.715962,-91.587653,239.7,2023-09-27 00:23:41+00:00
41.71597,-91.587639,239.7,2023-09-27 00:23:42+00:00
41.715977,-91.587626,239.6,2023-09-27 00:23:43+00:00
41.715984,-91.587613,239.5,2023-09-27 00:23:45+00:00
41.715992,-91.587605,239.5,2023-09-27 00:23:46+00:00
41.716,-91.587604,239.4,2023-09-27 00:23:47+00:00
41.716006,-91.587601,239.4,2023-09-27 00:23:48+00:00
41.71601,-91.587597,239.4,2023-09-27 00:23:49+00:00
41.716014,-91.587587,239.3,2023-09-27 00:23:50+00:00
41.716018,-91.587578,239.3,2023-09-27 00:23:52+00:00
41.716022,-91.587567,239.3,2023-09-27 00:23:53+00:00
41.716024,-91.587559,239.2,2023-09-27 00:23:54+00:00
41.716026,-91.587549,239.2,2023-09-27 00:23:56+00:00
41.716029,-91.587537,239.1,2023-09-27 00:23:57+00:00
41.71603,-91.587522,239.1,2023-09-27 00:23:58+00:00
41.716035,-91.587508,239.0,2023-09-27 00:23:59+00:00
41.716038,-91.587497,239.0,2023-09-27 00:24:00+00:00
41.716041,-91.587485,239.0,2023-09-27 00:24:01+00:00
41.716046,-91.58747,238.9,2023-09-27 00:24:02+00:00
41.716049,-91.587459,238.9,2023-09-27 00:24:03+00:00
41.716053,-91.587447,238.9,2023-09-27 00:24:04+00:00
41.716056,-91.587435,238.8,2023-09-27 00:24:05+00:00
41.716059,-91.587423,238.8,2023-09-27 00:24:07+00:00
41.716062,-91.587411,238.8,2023-09-27 00:24:08+00:00
41.716064,-91.5874,238.7,2023-09-27 00:24:09+00:00
41.716066,-91.587391,238.7,2023-09-27 00:24:10+00:00
41.716067,-91.587381,238.7,2023-09-27 00:24:11+00:00
41.716067,-91.587374,238.7,2023-09-27 00:24:12+00:00
41.716069,-91.587366,238.7,2023-09-27 00:24:14+00:00
41.716071,-91.587358,238.6,2023-09-27 00:24:15+00:00
41.716073,-91.587352,238.6,2023-09-27 00:24:16+00:00
41.716086,-91.587347,238.6,2023-09-27 00:24:17+00:00
41.716094,-91.587341,238.6,2023-09-27 00:24:18+00:00
41.7161,-91.587336,238.5,2023-09-27 00:24:19+00:00
41.716111,-91.587327,238.5,2023-09-27 00:24:21+00:00
41.716119,-91.587329,238.5,2023-09-27 00:24:22+00:00
41.716126,-91.58733,238.5,2023-09-27 00:24:23+00:00
41.716134,-91.587324,238.4,2023-09-27 00:24:25+00:00
41.716139,-91.587315,238.4,2023-09-27 00:24:26+00:00
41.716142,-91.587303,238.4,2023-09-27 00:24:27+00:00
41.71614,-91.587291,238.4,2023-09-27 00:24:28+00:00
41.716143,-91.587288,238.4,2023-09-27 00:24:30+00:00
41.716147,-91.58728,238.4,2023-09-27 00:24:31+00:00
41.71615,-91.587269,238.3,2023-09-27 00:24:32+00:00
41.716153,-91.587258,238.3,2023-09-27 00:24:33+00:00
41.716156,-91.587245,238.3,2023-09-27 00:24:34+00:00
41.716159,-91.587229,238.3,2023-09-27 00:24:35+00:00
41.716162,-91.58722,238.3,2023-09-27 00:24:36+00:00
41.716167,-91.587214,238.3,2023-09-27 00:24:38+00:00
41.716171,-91.587204,238.3,2023-09-27 00:24:39+00:00
41.716175,-91.587192,238.2,2023-09-27 00:24:40+00:00
41.716179,-91.587179,238.2,2023-09-27 00:24:41+00:00
41.716184,-91.587163,238.2,2023-09-27 00:24:42+00:00
41.71619,-91.587135,238.2,2023-09-27 00:24:43+00:00
41.716192,-91.587125,238.2,2023-09-27 00:24:44+00:00
41.716194,-91.587114,238.2,2023-09-27 00:24:45+00:00
41.716199,-91.587086,238.1,2023-09-27 00:24:46+00:00
41.716201,-91.587074,238.1,2023-09-27 00:24:47+00:00
41.716202,-91.587062,238.1,2023-09-27 00:24:48+00:00
41.716205,-91.587044,238.1,2023-09-27 00:24:49+00:00
41.716208,-91.587028,238.1,2023-09-27 00:24:51+00:00
41.71622,-91.587033,238.1,2023-09-27 00:24:52+00:00
41.716227,-91.587032,238.1,2023-09-27 00:24:53+00:00
41.716233,-91.587019,238.1,2023-09-27 00:24:54+00:00
41.716237,-91.587004,238.1,2023-09-27 00:24:55+00:00
41.716245,-91.586968,238.2,2023-09-27 00:24:57+00:00
41.716247,-91.586957,238.2,2023-09-27 00:24:58+00:00
41.716254,-91.586944,238.2,2023-09-27 00:24:59+00:00
41.716262,-91.586938,238.2,2023-09-27 00:25:00+00:00
41.716269,-91.586925,238.2,2023-09-27 00:25:01+00:00
41.716275,-91.586899,238.2,2023-09-27 00:25:02+00:00
41.716278,-91.586887,238.2,2023-09-27 00:25:04+00:00
41.71628,-91.586875,238.2,2023-09-27 00:25:05+00:00
41.716281,-91.586858,238.3,2023-09-27 00:25:06+00:00
41.716286,-91.586854,238.3,2023-09-27 00:25:07+00:00
41.716289,-91.586838,238.3,2023-09-27 00:25:08+00:00
41.716291,-91.586823,238.3,2023-09-27 00:25:09+00:00
41.716292,-91.586807,238.3,2023-09-27 00:25:10+00:00
41.716293,-91.586787,238.4,2023-09-27 00:25:12+00:00
41.716294,-91.586768,238.4,2023-09-27 00:25:13+00:00
41.716295,-91.586757,238.4,2023-09-27 00:25:14+00:00
41.716296,-91.586751,238.4,2023-09-27 00:25:15+00:00
41.716297,-91.58674,238.5,2023-09-27 00:25:16+00:00
41.716298,-91.58672,238.5,2023-09-27 00:25:17+00:00
41.716299,-91.586702,238.5,2023-09-27 00:25:19+00:00
41.716299,-91.586685,238.6,2023-09-27 00:25:20+00:00
41.716298,-91.586667,238.6,2023-09-27 00:25:21+00:00
41.7163,-91.586666,238.6,2023-09-27 00:25:22+00:00
41.716301,-91.586659,238.6,2023-09-27 00:25:23+00:00
41.716301,-91.586649,238.6,2023-09-27 00:25:24+00:00
41.716301,-91.586637,238.7,2023-09-27 00:25:25+00:00
41.716299,-91.586617,238.7,2023-09-27 00:25:26+00:00
41.716297,-91.5866,238.7,2023-09-27 00:25:27+00:00
41.716295,-91.586581,238.8,2023-09-27 00:25:28+00:00
41.716292,-91.586578,238.8,2023-09-27 00:25:30+00:00
41.716289,-91.58657,238.8,2023-09-27 00:25:31+00:00
41.716286,-91.586557,238.8,2023-09-27 00:25:32+00:00
41.716281,-91.586542,238.9,2023-09-27 00:25:33+00:00
41.716277,-91.586528,238.9,2023-09-27 00:25:34+00:00
41.716273,-91.586508,238.9,2023-09-27 00:25:35+00:00
41.716269,-91.586494,239.0,2023-09-27 00:25:36+00:00
41.716265,-91.586488,239.0,2023-09-27 00:25:37+00:00
41.716261,-91.586479,239.0,2023-09-27 00:25:38+00:00
41.716258,-91.586468,239.0,2023-09-27 00:25:40+00:00
41.716256,-91.586454,239.1,2023-09-27 00:25:41+00:00
41.716254,-91.586438,239.1,2023-09-27 00:25:42+00:00
41.716256,-91.586435,239.1,2023-09-27 00:25:43+00:00
41.716259,-91.586433,239.1,2023-09-27 00:25:44+00:00
41.71626,-91.586428,239.1,2023-09-27 00:25:45+00:00
41.716258,-91.586415,239.2,2023-09-27 00:25:46+00:00
41.716257,-91.586402,239.2,2023-09-27 00:25:48+00:00
41.716255,-91.586388,239.2,2023-09-27 00:25:49+00:00
41.716252,-91.586367,239.3,2023-09-27 00:25:50+00:00
41.716249,-91.586347,239.3,2023-09-27 00:25:51+00:00
41.716243,-91.586309,239.4,2023-09-27 00:25:52+00:00
41.71624,-91.586294,239.5,2023-09-27 00:25:53+00:00
41.716237,-91.586272,239.5,2023-09-27 00:25:54+00:00
41.716233,-91.58625,239.6,2023-09-27 00:25:56+00:00
41.716229,-91.58623,239.6,2023-09-27 00:25:57+00:00
41.716225,-91.586207,239.7,2023-09-27 00:25:58+00:00
41.716221,-91.586187,239.7,2023-09-27 00:25:59+00:00
41.716217,-91.586168,239.8,2023-09-27 00:26:00+00:00
41.716213,-91.586148,239.8,2023-09-27 00:26:01+00:00
41.716208,-91.586127,239.9,2023-09-27 00:26:02+00:00
41.716202,-91.586101,240.0,2023-09-27 00:26:04+00:00
41.716197,-91.586083,240.0,2023-09-27 00:26:05+00:00
41.716192,-91.586063,240.1,2023-09-27 00:26:06+00:00
41.716187,-91.586046,240.2,2023-09-27 00:26:07+00:00
41.716182,-91.586028,240.2,2023-09-27 00:26:08+00:00
41.716178,-91.586012,240.3,2023-09-27 00:26:09+00:00
41.716169,-91.585975,240.4,2023-09-27 00:26:10+00:00
41.716164,-91.585955,240.5,2023-09-27 00:26:12+00:00
41.71616,-91.585935,240.5,2023-09-27 00:26:13+00:00
41.716155,-91.585916,240.6,2023-09-27 00:26:14+00:00
41.716152,-91.585894,240.7,2023-09-27 00:26:16+00:00
41.716149,-91.585872,240.7,2023-09-27 00:26:17+00:00
41.716146,-91.58584,240.8,2023-09-27 00:26:18+00:00
41.716145,-91.585827,240.9,2023-09-27 00:26:19+00:00
41.716145,-91.585814,240.9,2023-09-27 00:26:20+00:00
41.716141,-91.585774,241.0,2023-09-27 00:26:22+00:00
41.71614,-91.585763,241.1,2023-09-27 00:26:23+00:00
41.716139,-91.585744,241.1,2023-09-27 00:26:24+00:00
41.716137,-91.585726,241.2,2023-09-27 00:26:25+00:00
41.716134,-91.585696,241.3,2023-09-27 00:26:26+00:00
41.716132,-91.585685,241.3,2023-09-27 00:26:28+00:00
41.716131,-91.585673,241.3,2023-09-27 00:26:29+00:00
41.716127,-91.585643,241.4,2023-09-27 00:26:30+00:00
41.716124,-91.58563,241.5,2023-09-27 00:26:31+00:00
41.716122,-91.585617,241.5,2023-09-27 00:26:32+00:00
41.716115,-91.585592,241.6,2023-09-27 00:26:34+00:00
41.716112,-91.585582,241.6,2023-09-27 00:26:35+00:00
41.716109,-91.585572,241.6,2023-09-27 00:26:36+00:00
41.716104,-91.585552,241.7,2023-09-27 00:26:37+00:00
41.716099,-91.585537,241.7,2023-09-27 00:26:38+00:00
41.716094,-91.585526,241.8,2023-09-27 00:26:39+00:00
41.716089,-91.585512,241.8,2023-09-27 00:26:40+00:00
41.716083,-91.585495,241.9,2023-09-27 00:26:41+00:00
41.716078,-91.58548,241.9,2023-09-27 00:26:42+00:00
41.716073,-91.585466,241.9,2023-09-27 00:26:43+00:00
41.716072,-91.585464,242.0,2023-09-27 00:26:45+00:00
41.716071,-91.585463,242.0,2023-09-27 00:26:46+00:00
41.716068,-91.585456,242.0,2023-09-27 00:26:47+00:00
41.716063,-91.585443,242.0,2023-09-27 00:26:48+00:00
41.716059,-91.585432,242.0,2023-09-27 00:26:49+00:00
41.716055,-91.58542,242.1,2023-09-27 00:26:50+00:00
41.716051,-91.585406,242.1,2023-09-27 00:26:51+00:00
41.716046,-91.585392,242.1,2023-09-27 00:26:53+00:00
41.716041,-91.585377,242.2,2023-09-27 00:26:54+00:00
41.716036,-91.585364,242.2,2023-09-27 00:26:55+00:00
41.716032,-91.585351,242.2,2023-09-27 00:26:56+00:00
41.716026,-91.585341,242.3,2023-09-27 00:26:57+00:00
41.716018,-91.585324,242.3,2023-09-27 00:26:59+00:00
41.716013,-91.585314,242.3,2023-09-27 00:27:00+00:00
41.716009,-91.585302,242.3,2023-09-27 00:27:01+00:00
41.716002,-91.585285,242.4,2023-09-27 00:27:02+00:00
41.716,-91.585279,242.4,2023-09-27 00:27:03+00:00
41.715997,-91.585273,242.4,2023-09-27 00:27:04+00:00
41.715995,-91.585267,242.4,2023-09-27 00:27:05+00:00
41.715992,-91.585261,242.4,2023-09-27 00:27:06+00:00
41.71599,-91.585255,242.4,2023-09-27 00:27:07+00:00
41.715983,-91.585229,242.5,2023-09-27 00:27:09+00:00
41.71598,-91.585218,242.5,2023-09-27 00:27:10+00:00
41.715977,-91.585206,242.5,2023-09-27 00:27:11+00:00
41.715974,-91.585191,242.5,2023-09-27 00:27:12+00:00
41.715974,-91.585186,242.5,2023-09-27 00:27:13+00:00
41.715972,-91.585178,242.5,2023-09-27 00:27:14+00:00
41.715969,-91.585162,242.5,2023-09-27 00:27:16+00:00
41.715969,-91.585155,242.5,2023-09-27 00:27:17+00:00
41.715971,-91.585153,242.5,2023-09-27 00:27:18+00:00
41.715972,-91.585154,242.5,2023-09-27 00:27:19+00:00
41.715971,-91.58515,242.5,2023-09-27 00:27:20+00:00
41.71597,-91.585145,242.5,2023-09-27 00:27:21+00:00
41.715968,-91.585137,242.5,2023-09-27 00:27:23+00:00
41.715965,-91.585127,242.5,2023-09-27 00:27:24+00:00
41.715961,-91.585115,242.5,2023-09-27 00:27:25+00:00
41.715956,-91.585101,242.5,2023-09-27 00:27:26+00:00
41.715952,-91.585086,242.5,2023-09-27 00:27:27+00:00
41.715949,-91.585073,242.5,2023-09-27 00:27:29+00:00
41.715946,-91.585065,242.5,2023-09-27 00:27:30+00:00
41.715943,-91.585054,242.5,2023-09-27 00:27:31+00:00
41.715938,-91.585038,242.5,2023-09-27 00:27:32+00:00
41.715937,-91.585051,242.5,2023-09-27 00:27:33+00:00
41.715934,-91.585054,242.5,2023-09-27 00:27:35+00:00
41.71593,-91.58505,242.5,2023-09-27 00:27:36+00:00
41.715926,-91.585041,242.5,2023-09-27 00:27:37+00:00
41.715921,-91.585031,242.4,2023-09-27 00:27:38+00:00
41.715915,-91.585014,242.4,2023-09-27 00:27:39+00:00
41.715906,-91.584988,242.4,2023-09-27 00:27:40+00:00
41.715901,-91.584977,242.4,2023-09-27 00:27:41+00:00
41.715897,-91.584966,242.4,2023-09-27 00:27:42+00:00
41.715886,-91.584946,242.3,2023-09-27 00:27:44+00:00
41.715877,-91.584926,242.3,2023-09-27 00:27:45+00:00
41.715869,-91.584909,242.3,2023-09-27 00:27:46+00:00
41.715862,-91.584894,242.2,2023-09-27 00:27:47+00:00
41.715853,-91.584872,242.2,2023-09-27 00:27:48+00:00
41.715847,-91.584857,242.2,2023-09-27 00:27:49+00:00
41.715839,-91.58483,242.1,2023-09-27 00:27:51+00:00
41.715838,-91.584819,242.1,2023-09-27 00:27:52+00:00
41.715836,-91.584808,242.0,2023-09-27 00:27:53+00:00
41.715841,-91.58478,242.0,2023-09-27 00:27:54+00:00
41.715841,-91.584769,242.0,2023-09-27 00:27:55+00:00
41.71584,-91.584758,241.9,2023-09-27 00:27:56+00:00
41.715838,-91.584741,241.9,2023-09-27 00:27:57+00:00
41.715839,-91.584718,241.8,2023-09-27 00:27:58+00:00
41.715838,-91.5847,241.8,2023-09-27 00:28:00+00:00
41.715836,-91.584682,241.7,2023-09-27 00:28:01+00:00
41.715833,-91.584654,241.7,2023-09-27 00:28:02+00:00
41.715831,-91.584643,241.6,2023-09-27 00:28:03+00:00
41.71583,-91.584631,241.6,2023-09-27 00:28:04+00:00
41.715825,-91.584606,241.5,2023-09-27 00:28:06+00:00
41.715821,-91.584587,241.5,2023-09-27 00:28:07+00:00
41.715814,-91.584584,241.5,2023-09-27 00:28:08+00:00
41.715806,-91.584574,241.4,2023-09-27 00:28:09+00:00
41.715799,-91.584563,241.4,2023-09-27 00:28:10+00:00
41.715782,-91.584542,241.3,2023-09-27 00:28:12+00:00
41.715774,-91.584538,241.3,2023-09-27 00:28:13+00:00
41.715765,-91.584533,241.2,2023-09-27 00:28:14+00:00
41.715748,-91.584518,241.2,2023-09-27 00:28:15+00:00
41.715742,-91.58451,241.1,2023-09-27 00:28:16+00:00
41.715735,-91.584501,241.1,2023-09-27 00:28:17+00:00
41.715714,-91.584487,241.0,2023-09-27 00:28:18+00:00
41.715706,-91.584477,241.0,2023-09-27 00:28:20+00:00
41.715698,-91.584468,240.9,2023-09-27 00:28:21+00:00
41.71569,-91.584458,240.9,2023-09-27 00:28:22+00:00
41.715682,-91.584449,240.9,2023-09-27 00:28:23+00:00
41.715673,-91.58444,240.8,2023-09-27 00:28:24+00:00
41.715665,-91.584429,240.8,2023-09-27 00:28:25+00:00
41.715661,-91.584415,240.8,2023-09-27 00:28:26+00:00
41.715657,-91.5844,240.7,2023-09-27 00:28:27+00:00
41.715653,-91.584395,240.7,2023-09-27 00:28:28+00:00
41.715649,-91.584385,240.7,2023-09-27 00:28:29+00:00
41.715646,-91.584372,240.7,2023-09-27 00:28:31+00:00
41.715644,-91.584357,240.6,2023-09-27 00:28:32+00:00
41.715639,-91.584344,240.6,2023-09-27 00:28:33+00:00
41.715631,-91.584332,240.6,2023-09-27 00:28:34+00:00
41.715625,-91.584318,240.6,2023-09-27 00:28:35+00:00
41.715621,-91.584303,240.5,2023-09-27 00:28:36+00:00
41.715618,-91.584288,240.5,2023-09-27 00:28:37+00:00
41.715618,-91.584276,240.5,2023-09-27 00:28:38+00:00
41.715618,-91.584263,240.4,2023-09-27 00:28:39+00:00
41.715617,-91.584248,240.4,2023-09-27 00:28:40+00:00
41.715617,-91.584232,240.4,2023-09-27 00:28:41+00:00
41.715618,-91.584218,240.4,2023-09-27 00:28:43+00:00
41.715619,-91.584204,240.3,2023-09-27 00:28:44+00:00
41.71562,-91.58418,240.3,2023-09-27 00:28:45+00:00
41.71562,-91.584168,240.3,2023-09-27 00:28:46+00:00
41.715619,-91.584156,240.2,2023-09-27 00:28:47+00:00
41.715618,-91.58414,240.2,2023-09-27 00:28:49+00:00
41.715616,-91.584124,240.2,2023-09-27 00:28:50+00:00
41.715614,-91.584108,240.2,2023-09-27 00:28:51+00:00
41.715613,-91.584093,240.1,2023-09-27 00:28:52+00:00
41.715611,-91.584082,240.1,2023-09-27 00:28:53+00:00
41.715608,-91.58407,240.1,2023-09-27 00:28:54+00:00
41.715606,-91.58406,240.1,2023-09-27 00:28:55+00:00
41.715603,-91.584047,240.1,2023-09-27 00:28:57+00:00
41.7156,-91.584033,240.0,2023-09-27 00:28:58+00:00
41.715597,-91.584019,240.0,2023-09-27 00:28:59+00:00
41.715594,-91.584004,240.0,2023-09-27 00:29:00+00:00
41.715591,-91.58399,240.0,2023-09-27 00:29:01+00:00
41.715576,-91.583975,240.0,2023-09-27 00:29:02+00:00
41.715565,-91.583977,239.9,2023-09-27 00:29:04+00:00
41.715554,-91.583979,239.9,2023-09-27 00:29:05+00:00
41.715541,-91.583979,239.9,2023-09-27 00:29:06+00:00
41.71553,-91.583975,239.9,2023-09-27 00:29:07+00:00
41.715521,-91.583969,239.9,2023-09-27 00:29:08+00:00
41.715509,-91.583967,239.9,2023-09-27 00:29:09+00:00
41.715499,-91.583965,239.9,2023-09-27 00:29:10+00:00
41.715491,-91.58396,239.9,2023-09-27 00:29:11+00:00
41.715481,-91.583954,239.9,2023-09-27 00:29:12+00:00
41.715475,-91.583953,239.8,2023-09-27 00:29:13+00:00
41.715468,-91.583947,239.8,2023-09-27 00:29:14+00:00
41.715459,-91.583933,239.8,2023-09-27 00:29:16+00:00
41.715449,-91.583908,239.8,2023-09-27 00:29:17+00:00
41.715445,-91.583897,239.8,2023-09-27 00:29:19+00:00
41.715441,-91.583887,239.8,2023-09-27 00:29:20+00:00
41.715435,-91.583861,239.8,2023-09-27 00:29:21+00:00
41.715431,-91.58385,239.8,2023-09-27 00:29:22+00:00
41.715428,-91.583839,239.8,2023-09-27 00:29:23+00:00
41.715427,-91.583795,239.9,2023-09-27 00:29:24+00:00
41.715433,-91.583774,239.9,2023-09-27 00:29:26+00:00
41.715439,-91.583753,240.0,2023-09-27 00:29:27+00:00
41.715444,-91.583731,240.0,2023-09-27 00:29:28+00:00
41.715456,-91.583711,240.1,2023-09-27 00:29:30+00:00
41.715463,-91.583697,240.1,2023-09-27 00:29:31+00:00
41.715472,-91.583683,240.2,2023-09-27 00:29:32+00:00
41.715497,-91.583655,240.3,2023-09-27 00:29:34+00:00
41.715507,-91.583642,240.4,2023-09-27 00:29:35+00:00
41.715519,-91.58363,240.5,2023-09-27 00:29:37+00:00
41.715528,-91.583622,240.5,2023-09-27 00:29:38+00:00
41.715541,-91.583609,240.6,2023-09-27 00:29:39+00:00
41.715553,-91.583599,240.7,2023-09-27 00:29:40+00:00
41.715564,-91.583588,240.8,2023-09-27 00:29:41+00:00
41.715579,-91.583572,240.9,2023-09-27 00:29:42+00:00
41.715586,-91.583565,240.9,2023-09-27 00:29:43+00:00
41.715592,-91.583557,241.0,2023-09-27 00:29:44+00:00
41.715602,-91.583547,241.1,2023-09-27 00:29:45+00:00
41.71561,-91.583537,241.1,2023-09-27 00:29:47+00:00
41.715619,-91.583526,241.2,2023-09-27 00:29:48+00:00
41.715633,-91.583504,241.4,2023-09-27 00:29:49+00:00
41.715638,-91.583495,241.4,2023-09-27 00:29:50+00:00
41.715642,-91.583486,241.5,2023-09-27 00:29:51+00:00
41.715647,-91.583473,241.5,2023-09-27 00:29:52+00:00
41.715649,-91.583457,241.6,2023-09-27 00:29:53+00:00
41.715654,-91.583442,241.7,2023-09-27 00:29:54+00:00
41.71567,-91.583406,241.9,2023-09-27 00:29:56+00:00
41.715675,-91.583396,242.0,2023-09-27 00:29:58+00:00
41.715681,-91.583385,242.0,2023-09-27 00:29:59+00:00
41.715686,-91.583375,242.1,2023-09-27 00:30:00+00:00
41.715692,-91.583365,242.2,2023-09-27 00:30:01+00:00
41.715699,-91.583354,242.2,2023-09-27 00:30:02+00:00
41.715706,-91.583346,242.3,2023-09-27 00:30:03+00:00
41.715717,-91.583332,242.4,2023-09-27 00:30:05+00:00
41.715721,-91.583331,242.4,2023-09-27 00:30:06+00:00
41.715722,-91.583334,242.4,2023-09-27 00:30:07+00:00
41.715716,-91.583341,242.4,2023-09-27 00:30:09+00:00
41.715713,-91.583343,242.5,2023-09-27 00:30:10+00:00
41.715709,-91.583344,242.5,2023-09-27 00:30:12+00:00
41.715708,-91.583344,242.5,2023-09-27 00:30:13+00:00
41.715707,-91.583344,242.5,2023-09-27 00:30:14+00:00
41.715705,-91.583343,242.5,2023-09-27 00:30:16+00:00
41.715703,-91.583342,242.5,2023-09-27 00:30:17+00:00
41.715703,-91.58334,242.5,2023-09-27 00:30:18+00:00
